mes_coorte,clientes_na_coorte,ticket_medio_coorte,meses_ativos_media,ltv_estimado
2025-04,30,184.61433333333335,3.7,683.0730333333335
2025-05,50,217.257,3.18,690.8772600000001
2025-06,35,206.84342857142857,2.4,496.42422857142856
2025-07,34,189.66647058823528,1.7647058823529411,334.7055363321799
2025-08,128,180.08875,0.984375,177.27486328125
2025-09,96,174.10177083333335,0.0,0.0
